Canonical Name,Category,Aliases
"aperol","beverages",""
"bourbon","beverages",""
"campari","beverages",""
"dark rum","beverages",""
"dry white wine","beverages",""
"gin","beverages",""
"orange juice","beverages",""
"pineapple juice","beverages",""
"pomegranate juice","beverages",""
"sake","beverages",""
"vodka","beverages",""
"chickpeas","canned","chickpeas; drained chickpeas; rinsed chickpeas"
"agave nectar","condiments","agave"
"anchovy fillets","condiments",""
"apple cider vinegar","condiments","cider vinegar"
"avocado oil","condiments",""
"balsamic vinegar","condiments",""
"brown sugar","condiments",""
"canola oil","condiments",""
"capers","condiments",""
"caster sugar","condiments","superfine sugar"
"champagne vinegar","condiments",""
"coconut oil","condiments",""
"dark brown sugar","condiments",""
"Dijon mustard","condiments",""
"distilled white vinegar","condiments",""
"fish sauce","condiments",""
"gochujang","condiments","korean red chili paste; korean hot pepper paste"
"grain mustard","condiments","whole grain mustard"
"granulated sugar","condiments","white sugar; sugar"
"harissa paste","condiments","moroccan red chile paste"
"honey","condiments",""
"hot sauce","condiments","tapatio; cholula; franks"
"ketchup","condiments",""
"light brown sugar","condiments",""
"low-sodium soy sauce","condiments","low sodium soy sauce; soy sauce"
"mayonnaise","condiments",""
"mustard powder","condiments","colman's english mustard"
"mustard seeds","condiments",""
"nonstick vegetable oil spray","condiments","cooking spray"
"olive oil","condiments",""
"oyster sauce","condiments",""
"pomegranate molasses","condiments",""
"powdered sugar","condiments","confectioners sugar"
"prepared horseradish","condiments","horseradish"
"red wine vinegar","condiments",""
"rice vinegar","condiments",""
"rosewater","condiments",""
"sherry vinegar","condiments",""
"soy sauce","condiments",""
"sriracha","condiments",""
"sugar","condiments",""
"toasted sesame oil","condiments","sesame oil"
"vegetable oil","condiments",""
"white vinegar","condiments",""
"white wine vinegar","condiments",""
"worcestershire sauce","condiments",""
"yellow mustard","condiments",""
"butter","dairy",""
"buttermilk","dairy",""
"coconut cream","dairy",""
"coconut milk","dairy",""
"condensed milk","dairy","sweetened condensed milk"
"cream cheese","dairy",""
"crème fraîche","dairy",""
"feta","dairy",""
"goat cheese","dairy",""
"greek yogurt","dairy","yogurt"
"half-and-half","dairy",""
"heavy cream","dairy",""
"kefir","dairy",""
"milk","dairy","whole milk"
"parmesan","dairy","Parmesan"
"ricotta","dairy",""
"sour cream","dairy",""
"unsalted butter","dairy","butter"
"all-purpose flour","grains","flour; white flour"
"basmati rice","grains",""
"bread","grains",""
"corn tortillas","grains","small corn tortillas"
"cornmeal","grains",""
"cornstarch","grains",""
"graham crackers","grains",""
"panko","grains","Japanese breadcrumbs"
"polenta","grains","coarse cornmeal"
"rice","grains",""
"rice flour","grains",""
"rolled oats","grains","oats"
"wheat flour","grains","whole wheat flour"
"active dry yeast","other","yeast; dried yeast; baking yeast"
"almond extract","other","almond flavoring"
"almonds","other","slivered almonds; sliced almonds; chopped almonds"
"baking powder","other",""
"baking soda","other","sodium bicarbonate"
"chia seeds","other",""
"dark chocolate","other","chopped dark chocolate"
"hazelnuts","other",""
"hemp seeds","other",""
"light corn syrup","other",""
"maple syrup","other",""
"mirin","other","sweet japanese rice wine; japanese rice wine"
"nutritional yeast","other",""
"pecans","other",""
"pine nuts","other",""
"pistachios","other",""
"pumpkin seeds","other",""
"semi-sweet chocolate","other","semi-sweet chocolate chips; chocolate"
"sesame seeds","other",""
"tahini","other","sesame paste"
"unsweetened coconut flakes","other","coconut flakes"
"unsweetened shredded coconut","other","shredded coconut; coconut"
"vanilla bean paste","other","vanilla paste"
"vanilla extract","other","vanilla"
"walnuts","other",""
"water","other",""
"white miso","other","miso"
"arugula","produce",""
"avocado","produce",""
"blackberries","produce",""
"blueberries","produce",""
"broccoli","produce",""
"butternut squash","produce",""
"carrots","produce",""
"celery","produce",""
"cherry tomatoes","produce",""
"corn kernels","produce","fresh corn kernels; canned corn kernels; frozen corn kernels"
"cranberries","produce","fresh cranberries; dried cranberries; frozen cranberries"
"crushed tomatoes","produce",""
"currants","produce","dried currants"
"garlic","produce",""
"ginger","produce","fresh ginger"
"grapefruit juice","produce","fresh grapefruit juice"
"green beans","produce",""
"lemon","produce",""
"lemon juice","produce",""
"lemon rind","produce",""
"lemon zest","produce",""
"lime","produce",""
"lime juice","produce",""
"lime zest","produce",""
"onions","produce","onion"
"orange","produce",""
"orange zest","produce",""
"peas","produce",""
"Persian cucumbers","produce","cucumber"
"pomegranate seeds","produce","arils"
"potatoes","produce",""
"radishes","produce",""
"raisins","produce",""
"raspberries","produce",""
"red bell pepper","produce","bell pepper"
"red onion","produce","onion"
"scallions","produce",""
"serrano chile","produce",""
"shallots","produce","shallot"
"spinach","produce",""
"sweet potatoes","produce","sweet potato"
"tomato paste","produce",""
"tomato sauce","produce",""
"tomatoes","produce",""
"unsweetened applesauce","produce","applesauce"
"white onion","produce","onion"
"yellow onion","produce","onion"
"bacon","protein",""
"chicken","protein","whole chicken"
"chicken breasts","protein",""
"chicken broth","protein",""
"chicken stock","protein",""
"chicken thighs","protein",""
"chicken wings","protein",""
"egg","protein","large egg; whole egg"
"egg white","protein","large egg white"
"egg whites","protein","large egg whites"
"egg yolk","protein","medium egg yolk; large egg yolk"
"egg yolks","protein","large egg yolks"
"eggs","protein","large eggs"
"ground beef","protein","beef"
"ground chicken","protein","chicken"
"ground lamb","protein","lamb"
"ground pork","protein","pork"
"ground turkey","protein","turkey"
"littleneck clams","protein",""
"low-sodium chicken broth","protein","low sodium chicken broth; chicken broth"
"pork tenderloins","protein","pork tenderloin"
"shrimp","protein",""
"aleppo-style pepper","spices","aleppo pepper"
"allspice","spices",""
"arbol chiles","spices","chiles de arbol"
"basil","spices",""
"bay leaf","spices",""
"black pepper","spices",""
"caraway seeds","spices",""
"cardamom pods","spices",""
"cayenne pepper","spices",""
"chili powder","spices",""
"chives","spices","fresh chives; dried chives"
"cilantro","spices","fresh cilantro; dried cilantro"
"cinnamon","spices",""
"cloves","spices","whole cloves"
"coriander seeds","spices",""
"cream of tartar","spices",""
"cumin seeds","spices",""
"curry leaves","spices","fresh curry leaves"
"curry powder","spices",""
"dill","spices","fresh dill; dried dill; chopped dill; minced dill"
"dried red chile","spices","red chile"
"fennel seeds","spices","fennel"
"fenugreek seeds","spices","fenugreek"
"finely chopped tender herbs","spices","tender herbs; mixed herbs"
"five-spice powder","spices","five-spice"
"garam masala","spices",""
"garlic powder","spices","powdered garlic"
"ground allspice","spices","allspice"
"ground black pepper","spices","black pepper; pepper"
"ground cardamom","spices","cardamom"
"ground cinnamon","spices","cinnamon"
"ground cloves","spices","cloves"
"ground coriander","spices","coriander"
"ground cumin","spices","cumin"
"ground ginger","spices","ginger"
"ground nutmeg","spices","nutmeg"
"ground pepper","spices",""
"ground turmeric","spices","turmeric"
"guajillo chiles","spices",""
"juniper berries","spices",""
"kosher salt","spices",""
"kosher salt and freshly ground black pepper","spices","kosher salt and pepper; salt and pepper"
"kosher salt, freshly ground pepper","spices","kosher salt and pepper; salt and pepper"
"mild red pepper flakes","spices","aleppo pepper; maras pepper; gochugaru; urfa pepper"
"mint","spices",""
"nutmeg","spices",""
"Old Bay seasoning","spices","Old Bay"
"onion powder","spices",""
"oregano","spices",""
"paprika","spices",""
"parsley","spices",""
"poppy seeds","spices",""
"red pepper flakes","spices","dried red pepper flakes"
"rosemary","spices",""
"sage","spices",""
"salt","spices",""
"salt and freshly ground black pepper","spices","salt; black pepper"
"salt and pepper","spices","salt; pepper"
"sea salt","spices","salt"
"sea salt and cracked black pepper","spices","sea salt; black pepper"
"sea salt and freshly ground black pepper","spices","sea salt; black pepper"
"sichuan peppercorns","spices","sichuan pepper"
"smoked paprika","spices","paprika"
"star anise","spices",""
"sumac","spices",""
"tarragon","spices",""
"thyme","spices",""
"turmeric","spices",""
"unsweetened cocoa powder","spices","cocoa powder"
"white pepper","spices",""
"zaatar","spices",""